"customer_ID";"Web_purchase";"Catalogue_purchase";"Store_purchase";"Discount_purchase";"Recency";"NumWebVisitsMonth";"Frequency"
1;0;0;3;1;4;5;4
2;3;5;9;1;4;7;18
3;5;1;5;5;51;8;16
4;5;6;7;1;70;2;19
5;2;0;3;1;59;8;6
6;11;10;10;1;19;5;32
7;11;4;11;2;48;6;28
8;2;0;3;1;99;6;6
9;5;2;10;1;4;4;18
10;11;6;9;3;63;6;29
11;2;0;3;3;19;5;8
12;9;5;11;2;59;5;27
13;2;0;3;1;55;7;6
14;4;5;13;1;21;3;23
15;2;5;5;7;90;5;19
16;3;4;8;1;82;2;16
17;2;2;5;1;79;2;10
18;5;6;12;5;37;2;28
19;2;4;9;1;72;1;16
20;11;4;9;5;17;8;29
21;4;8;6;3;1;3;21
22;1;0;3;2;31;8;6
23;3;1;2;3;76;7;9
24;1;0;3;1;69;7;5
25;10;3;13;4;29;7;30
26;1;1;3;2;85;5;7
27;9;2;8;5;88;7;24
28;6;1;5;3;53;6;15
29;2;0;4;2;51;6;8
30;2;0;3;2;37;6;7
31;3;1;6;5;11;4;15
32;8;5;9;3;47;6;25
33;2;1;4;1;58;2;8
34;2;2;2;3;61;8;9
35;0;28;0;15;42;1;43
36;3;10;13;1;18;1;27
37;6;2;10;4;65;4;22
38;6;3;6;1;68;4;16
39;3;1;3;3;84;5;10
40;8;10;4;3;58;7;25
41;5;5;10;1;30;3;21
42;1;0;2;1;68;6;4
43;4;6;9;1;18;1;20
44;1;1;2;2;24;8;6
45;7;9;10;0;54;4;26
46;1;1;2;2;37;5;6
47;4;2;3;3;13;7;12
48;2;3;9;3;63;8;17
49;7;6;5;1;34;5;19
50;2;0;3;1;30;6;6
51;1;1;2;2;38;5;6
52;6;2;9;3;0;4;20
53;7;3;12;1;80;3;23
54;5;1;5;8;70;8;19
55;7;1;5;7;69;8;20
56;3;11;5;1;35;1;20
57;6;3;10;4;72;4;23
58;1;1;3;2;99;5;7
59;2;1;3;3;13;5;9
60;1;0;4;1;31;3;6
61;2;0;3;2;74;7;7
62;2;1;3;2;89;7;8
63;5;8;9;0;40;4;22
64;7;4;6;5;72;6;22
65;8;2;6;3;63;7;19
66;4;6;6;1;82;2;17
67;1;0;4;2;95;7;7
68;7;1;8;10;21;7;26
69;1;1;4;1;93;3;7
70;5;1;4;4;4;7;14
71;5;4;12;1;46;2;22
72;1;0;3;2;63;7;6
73;3;6;11;1;12;1;21
74;2;0;3;2;37;7;7
75;0;0;3;1;12;3;4
76;3;4;9;1;66;1;17
77;5;6;5;1;20;2;17
78;5;7;12;1;44;2;25
79;1;0;3;1;83;7;5
80;3;3;6;3;36;8;15
81;8;1;5;6;79;8;20
82;1;0;3;2;72;7;6
83;10;1;8;2;9;8;21
84;5;1;3;6;81;8;15
85;1;0;2;1;2;8;4
86;1;0;3;1;94;5;5
87;6;8;13;0;69;2;27
88;3;5;7;1;56;1;16
89;5;2;7;2;32;5;16
90;3;1;4;4;87;8;12
91;8;10;6;1;81;3;25
92;8;1;7;3;50;5;19
93;5;4;5;5;10;5;19
94;3;5;7;2;4;7;17
95;11;1;6;5;42;8;23
96;3;4;7;2;87;1;16
97;2;0;3;2;0;8;7
98;2;0;3;1;47;6;6
99;1;0;2;1;5;7;4
100;0;1;2;1;5;6;4
101;4;1;5;2;24;7;12
102;4;4;9;1;60;1;18
103;5;7;10;1;73;2;23
104;4;1;4;4;15;7;13
105;3;1;4;5;48;7;13
106;3;6;6;1;37;1;16
107;2;0;3;2;43;6;7
108;1;0;3;1;88;9;5
109;6;3;11;2;3;3;22
110;3;0;3;3;87;7;9
111;7;2;9;1;10;4;19
112;6;4;12;4;56;6;26
113;2;0;4;3;83;6;9
114;6;3;4;1;2;7;14
115;6;1;6;4;3;7;17
116;3;4;5;2;31;7;14
117;1;0;2;1;49;8;4
118;6;1;5;3;4;7;15
119;6;7;4;1;27;3;18
120;2;1;3;2;27;6;8
121;6;4;4;2;97;3;16
122;3;0;4;3;15;5;10
123;3;2;6;1;63;4;12
124;2;0;2;1;75;9;5
125;4;2;5;6;50;6;17
126;4;2;4;2;2;5;12
127;4;1;4;4;44;8;13
128;2;1;3;3;77;6;9
129;3;4;7;1;46;1;15
130;8;3;12;5;34;5;28
131;3;9;9;1;8;2;22
132;6;4;13;1;21;2;24
133;4;1;4;7;94;8;16
134;2;0;4;4;55;6;10
135;3;1;3;2;17;7;9
136;3;1;3;4;53;5;11
137;2;1;3;3;84;5;9
138;1;1;3;1;16;6;6
139;11;5;8;7;37;7;31
140;9;2;9;1;44;6;21
141;9;6;12;5;38;6;32
142;2;0;4;3;38;7;9
143;2;1;4;1;65;3;8
144;2;0;3;1;80;6;6
145;1;0;3;2;58;7;6
146;2;1;3;1;89;4;7
147;1;0;3;2;31;6;6
148;2;1;4;2;26;3;9
149;8;2;10;1;26;4;21
150;5;1;4;3;43;8;13
151;6;3;12;2;86;4;23
152;1;1;2;1;45;9;5
153;2;0;3;2;78;8;7
154;3;1;3;3;68;7;10
155;7;4;10;2;56;5;23
156;6;7;9;1;44;2;23
157;3;1;3;1;4;6;8
158;1;0;4;2;63;5;7
159;3;3;5;1;29;1;12
160;4;2;12;4;18;3;22
161;7;10;5;2;53;6;24
162;6;9;10;1;96;2;26
163;3;0;3;1;64;9;7
164;2;0;4;2;26;6;8
165;2;1;3;2;17;5;8
166;3;1;4;4;46;8;12
167;8;6;5;2;3;4;21
168;4;4;7;1;59;3;16
169;8;2;10;4;26;7;24
170;5;3;6;5;94;5;19
171;7;3;8;1;8;5;19
172;7;1;8;2;34;5;18
173;3;5;8;1;30;1;17
174;1;0;2;1;65;8;4
175;5;4;4;1;18;2;14
176;2;5;10;1;85;1;18
177;5;3;6;2;40;6;16
178;0;0;3;1;49;4;4
179;8;2;4;2;84;8;16
180;4;10;9;1;14;2;24
181;9;3;9;1;64;6;22
182;6;4;10;2;16;6;22
183;4;6;5;0;25;1;15
184;3;0;3;2;34;5;8
185;8;1;6;4;96;6;19
186;8;3;6;1;93;7;18
187;9;4;6;2;74;5;21
188;7;3;7;4;34;6;21
189;2;5;3;1;56;3;11
190;2;0;3;2;88;8;7
191;7;4;4;1;29;4;16
192;4;0;4;2;32;8;10
193;2;1;4;2;31;5;9
194;1;0;3;1;37;3;5
195;2;0;3;2;13;7;7
196;3;0;2;1;19;9;6
197;1;1;6;1;3;2;9
198;3;0;4;3;46;7;10
199;1;1;2;1;75;7;5
200;6;6;11;1;46;3;24
201;4;1;6;6;8;6;17
202;9;1;5;5;74;9;20
203;1;0;0;1;68;20;2
204;2;2;11;3;27;8;18
205;1;0;2;1;0;7;4
206;7;8;11;3;89;5;29
207;4;2;4;1;12;4;11
208;4;10;5;1;90;3;20
209;7;1;5;4;28;7;17
210;3;4;10;1;64;1;18
211;7;1;5;3;62;8;16
212;7;4;5;1;40;9;17
213;3;3;12;3;23;2;21
214;1;0;2;1;0;7;4
215;1;0;3;1;11;7;5
216;1;1;2;1;52;6;5
217;2;9;4;1;58;1;16
218;3;5;8;1;72;2;17
219;3;1;3;3;74;7;10
220;3;1;3;4;86;6;11
221;2;0;4;2;49;6;8
222;1;0;2;1;81;7;4
223;2;2;2;1;77;4;7
224;3;0;4;4;12;6;11
225;1;0;3;2;65;6;6
226;10;6;9;2;20;6;27
227;1;0;2;1;6;7;4
228;4;4;6;1;0;1;15
229;8;1;8;3;27;6;20
230;5;1;8;1;74;2;15
231;2;7;9;1;32;4;19
232;1;0;3;1;46;7;5
233;8;7;12;1;98;3;28
234;2;0;3;3;33;7;8
235;11;8;8;1;56;5;28
236;3;0;4;4;91;8;11
237;1;0;2;1;90;6;4
238;1;0;2;1;66;8;4
239;3;0;3;3;76;9;9
240;6;7;9;4;95;4;26
241;5;2;11;1;32;3;19
242;0;0;3;1;6;6;4
243;8;5;11;2;57;5;26
244;10;3;5;5;41;7;23
245;9;10;5;1;79;4;25
246;8;4;8;2;93;4;22
247;3;6;11;3;62;8;23
248;2;0;3;2;90;7;7
249;8;2;8;6;78;8;24
250;9;6;6;4;57;6;25
251;4;6;5;3;38;3;18
252;2;0;3;2;28;7;7
253;4;8;5;1;49;3;18
254;2;0;3;2;18;5;7
255;3;0;3;2;93;8;8
256;1;0;3;1;20;7;5
257;3;4;10;1;18;1;18
258;2;0;3;2;59;8;7
259;6;6;10;1;42;3;23
260;0;0;3;1;96;2;4
261;4;1;4;1;81;5;10
262;3;0;3;1;43;8;7
263;2;0;4;3;39;8;9
264;5;1;6;4;38;6;16
265;3;1;2;1;75;7;7
266;2;3;6;1;45;1;12
267;6;9;13;1;5;2;29
268;1;0;3;1;3;7;5
269;11;3;5;5;57;6;24
270;6;3;13;1;17;3;23
271;3;1;6;6;13;4;16
272;3;1;5;2;92;6;11
273;1;1;2;2;60;7;6
274;1;0;3;1;37;4;5
275;2;1;4;3;53;4;10
276;3;1;3;4;54;7;11
277;2;0;3;2;45;7;7
278;4;5;12;1;38;3;22
279;4;6;11;5;77;8;26
280;6;7;11;1;95;3;25
281;6;3;6;7;67;7;22
282;3;3;6;1;13;1;13
283;3;1;4;4;22;8;12
284;5;1;8;9;30;7;23
285;11;4;6;1;10;4;22
286;5;4;10;1;9;2;20
287;6;5;10;1;98;3;22
288;10;4;6;1;10;4;21
289;2;2;2;2;11;6;8
290;1;0;3;2;52;6;6
291;2;0;3;2;86;5;7
292;6;4;6;5;19;7;21
293;2;0;4;1;61;6;7
294;10;2;10;3;46;5;25
295;1;0;3;1;66;6;5
296;1;0;3;2;35;6;6
297;6;2;9;2;65;4;19
298;1;0;2;1;24;8;4
299;3;7;8;1;47;1;19
300;1;0;2;1;79;8;4
301;6;2;10;3;38;4;21
302;1;0;3;1;14;8;5
303;4;2;11;3;65;8;20
304;2;0;3;2;51;8;7
305;4;1;6;4;85;5;15
306;5;1;4;6;69;8;16
307;3;3;8;1;6;1;15
308;3;2;2;4;70;7;11
309;3;5;8;2;71;3;18
310;8;3;5;3;48;6;19
311;3;0;3;2;59;7;8
312;1;1;2;1;52;4;5
313;1;1;3;1;46;4;6
314;6;2;12;13;88;5;33
315;5;2;12;6;49;5;25
316;1;0;2;1;13;8;4
317;5;3;5;1;65;2;14
318;6;2;12;3;12;5;23
319;4;10;11;1;64;2;26
320;4;3;12;4;45;8;23
321;2;2;12;3;57;5;19
322;3;2;7;4;97;3;16
323;7;6;8;1;18;3;22
324;3;0;3;3;2;8;9
325;4;3;6;2;30;3;15
326;4;2;3;3;97;7;12
327;5;11;5;1;19;3;22
328;10;2;8;9;4;8;29
329;9;3;5;2;82;5;19
330;9;1;5;2;14;8;17
331;2;0;3;2;82;7;7
332;3;2;2;4;86;8;11
333;6;4;12;1;6;3;23
334;4;6;4;2;52;5;16
335;1;0;2;1;31;9;4
336;2;1;4;3;89;7;10
337;1;0;3;2;33;5;6
338;2;0;3;2;14;7;7
339;6;2;5;3;93;7;16
340;2;0;4;4;95;5;10
341;1;1;2;1;23;9;5
342;4;3;8;1;27;3;16
343;2;0;3;2;96;8;7
344;9;4;6;1;85;7;20
345;4;1;3;1;6;8;9
346;4;3;8;4;80;5;19
347;5;6;7;1;78;1;19
348;0;1;2;1;33;3;4
349;1;0;2;1;75;8;4
350;4;7;5;1;65;1;17
351;1;0;3;1;56;8;5
352;2;4;9;1;1;4;16
353;1;0;3;1;13;8;5
354;8;2;6;7;52;7;23
355;6;2;5;4;62;8;17
356;1;2;2;3;32;5;8
357;5;3;11;3;88;5;22
358;3;2;5;2;65;4;12
359;2;1;5;2;72;4;10
360;4;3;12;2;66;8;21
361;3;4;8;1;26;1;16
362;2;0;3;2;57;6;7
363;5;2;4;6;9;8;17
364;5;7;9;1;47;2;22
365;8;1;7;5;42;8;21
366;3;5;10;2;14;6;20
367;4;5;11;1;95;3;21
368;6;1;5;4;70;7;16
369;10;4;12;2;29;6;28
370;2;4;8;2;63;8;16
371;0;0;3;1;14;5;4
372;2;1;3;1;0;5;7
373;2;0;3;1;22;3;6
374;4;7;10;1;87;2;22
375;9;6;9;15;76;7;39
376;5;3;12;3;80;3;23
377;3;1;3;4;9;8;11
378;3;1;3;4;30;7;11
379;7;3;4;3;11;7;17
380;7;10;5;0;77;2;22
381;1;1;2;1;10;7;5
382;4;9;10;1;56;2;24
383;5;10;8;1;77;3;24
384;1;0;3;1;77;7;5
385;3;1;4;4;18;8;12
386;4;5;7;1;24;2;17
387;8;3;13;1;27;4;25
388;1;1;2;2;51;8;6
389;1;0;3;1;92;7;5
390;4;5;13;4;78;2;26
391;6;3;10;1;19;3;20
392;1;0;3;1;71;7;5
393;3;7;11;1;77;1;22
394;4;9;4;1;83;6;18
395;5;6;8;0;7;1;19
396;2;1;4;1;11;6;8
397;2;7;11;1;11;5;21
398;4;2;4;6;85;7;16
399;7;9;9;1;33;3;26
400;5;6;7;1;30;2;19
401;3;1;6;5;64;6;15
402;2;0;4;2;27;5;8
403;1;0;3;1;54;8;5
404;1;0;2;1;8;8;4
405;5;10;4;1;61;6;20
406;2;0;3;2;67;7;7
407;1;0;2;1;60;5;4
408;2;1;3;1;57;7;7
409;1;0;2;1;43;6;4
410;1;0;2;1;38;8;4
411;2;0;3;2;64;6;7
412;3;1;6;2;0;4;12
413;2;0;4;1;4;5;7
414;2;1;4;4;10;4;11
415;6;7;11;3;63;3;27
416;1;0;2;1;19;7;4
417;2;4;6;1;95;5;13
418;6;6;7;0;75;2;19
419;5;1;5;5;26;6;16
420;6;7;13;1;42;1;27
421;5;11;5;1;65;3;22
422;5;1;6;1;48;5;13
423;8;3;13;2;12;4;26
424;4;4;10;2;74;2;20
425;1;0;3;2;58;7;6
426;0;0;3;1;74;7;4
427;4;1;3;3;42;8;11
428;2;4;9;1;73;6;16
429;6;3;12;5;13;4;26
430;7;1;7;3;4;7;18
431;3;2;7;3;9;3;15
432;4;3;13;1;9;2;21
433;1;1;3;1;94;4;6
434;5;4;6;1;66;2;16
435;2;1;2;2;41;7;7
436;5;11;5;0;25;2;21
437;3;7;9;1;94;1;20
438;2;5;10;2;28;6;19
439;2;2;3;3;35;6;10
440;1;0;3;1;9;4;5
441;3;4;7;1;47;1;15
442;3;1;2;3;12;7;9
443;4;1;6;3;14;7;14
444;2;0;3;1;80;7;6
445;4;1;4;1;86;6;10
446;3;1;3;3;24;9;10
447;1;0;3;2;20;8;6
448;1;0;3;1;76;8;5
449;2;1;3;3;39;6;9
450;4;5;10;1;20;2;20
451;3;0;4;3;57;8;10
452;1;1;2;2;92;8;6
453;1;0;3;1;38;8;5
454;4;4;6;1;72;3;15
455;8;3;4;1;19;4;16
456;1;0;3;1;27;7;5
457;2;0;2;1;92;10;5
458;5;3;12;3;83;5;23
459;3;4;9;1;79;1;17
460;5;2;10;3;69;5;20
461;6;3;13;3;73;5;25
462;1;0;4;2;52;5;7
463;3;2;5;2;48;4;12
464;1;0;3;1;2;5;5
465;4;6;9;0;23;1;19
466;3;1;3;4;77;7;11
467;4;8;4;1;20;8;17
468;1;0;3;2;38;9;6
469;5;5;12;2;1;3;24
470;4;1;8;6;69;6;19
471;4;2;10;1;29;2;17
472;3;1;7;1;90;3;12
473;1;0;3;1;50;7;5
474;7;6;12;3;42;4;28
475;6;8;6;1;54;3;21
476;7;1;7;2;28;5;17
477;4;1;6;2;20;7;13
478;2;0;3;2;93;6;7
479;1;0;3;1;41;8;5
480;6;9;13;1;2;3;29
481;8;4;7;1;56;3;20
482;11;11;5;7;28;7;34
483;4;2;9;4;80;8;19
484;3;0;3;3;94;9;9
485;9;6;12;5;63;6;32
486;2;0;3;2;54;7;7
487;4;1;4;3;76;9;12
488;10;7;10;1;29;4;28
489;5;1;2;4;15;10;12
490;11;4;9;2;91;5;26
491;6;2;5;5;88;7;18
492;9;3;13;1;36;4;26
493;9;3;5;3;99;4;20
494;1;0;3;1;61;7;5
495;1;1;4;1;71;2;7
496;3;2;3;4;86;6;12
497;8;2;8;2;26;4;20
498;1;0;3;2;23;7;6
499;7;3;13;2;43;8;25
500;1;0;3;2;94;8;6
501;5;2;11;3;30;8;21
502;4;9;7;1;54;1;21
503;6;4;7;1;84;3;18
504;7;2;9;4;83;6;22
505;7;1;5;2;9;8;15
506;3;4;7;1;27;1;15
507;2;1;3;2;86;6;8
508;3;1;6;7;56;6;17
509;3;4;6;1;46;1;14
510;3;1;4;2;87;6;10
511;4;1;2;5;19;9;12
512;6;4;13;1;87;4;24
513;7;6;12;1;23;3;26
514;4;1;4;3;24;7;12
515;9;8;13;0;36;3;30
516;1;0;3;1;31;4;5
517;2;0;3;1;29;8;6
518;5;2;12;9;39;8;28
519;6;5;12;1;62;2;24
520;4;2;10;7;57;3;23
521;1;2;9;5;6;2;17
522;2;1;3;1;27;7;7
523;6;1;7;3;23;6;17
524;3;8;11;1;41;1;23
525;4;2;5;1;41;8;12
526;3;1;6;2;74;6;12
527;2;1;2;1;92;7;6
528;1;0;3;1;88;6;5
529;6;3;5;7;60;7;21
530;6;7;7;1;12;3;21
531;11;6;8;1;17;4;26
532;1;1;2;1;77;8;5
533;0;0;3;1;24;5;4
534;3;0;3;3;51;8;9
535;3;1;6;1;9;4;11
536;3;10;13;1;55;1;27
537;4;3;6;1;52;1;14
538;1;0;2;1;25;7;4
539;7;2;6;8;60;8;23
540;1;1;3;1;34;2;6
541;2;1;2;1;12;7;6
542;8;4;9;5;53;7;26
543;1;0;2;1;3;7;4
544;2;1;3;2;11;6;8
545;6;1;4;5;74;8;16
546;2;2;8;4;2;7;16
547;7;5;6;2;26;4;20
548;3;7;11;1;60;1;22
549;9;11;11;1;72;5;32
550;5;2;9;5;87;6;21
551;9;3;6;2;88;8;20
552;5;4;8;3;44;4;20
553;2;8;12;3;76;8;25
554;4;3;6;4;33;3;17
555;6;9;11;4;8;5;30
556;3;1;3;2;25;6;9
557;4;1;5;3;75;7;13
558;4;0;3;2;46;7;9
559;6;2;8;2;58;2;18
560;3;0;3;2;26;8;8
561;7;1;7;6;66;7;21
562;6;4;8;2;38;4;20
563;3;2;5;1;64;1;11
564;1;1;3;1;83;2;6
565;2;1;3;3;79;5;9
566;4;1;5;4;71;6;14
567;2;8;9;1;83;1;20
568;4;3;4;3;22;5;14
569;5;9;6;1;57;2;21
570;5;3;8;1;19;2;17
571;2;11;5;1;92;1;19
572;2;0;3;2;34;6;7
573;1;0;2;1;26;8;4
574;8;1;8;2;33;6;19
575;3;0;4;2;71;6;9
576;3;4;6;4;28;3;17
577;1;0;3;1;99;8;5
578;4;8;13;1;46;2;26
579;10;3;5;3;17;5;21
580;2;0;3;2;45;7;7
581;1;0;3;1;43;8;5
582;2;2;12;1;75;1;17
583;6;9;5;1;83;3;21
584;1;0;3;1;71;5;5
585;5;6;5;1;17;2;17
586;2;4;5;3;96;7;14
587;3;2;4;3;90;6;12
588;1;0;2;1;72;8;4
589;9;4;6;4;37;6;23
590;2;1;8;2;52;2;13
591;8;5;4;2;69;4;19
592;11;5;9;6;77;6;31
593;4;1;3;4;13;9;12
594;3;1;5;3;76;3;12
595;2;1;4;3;62;6;10
596;1;0;2;1;13;8;4
597;3;2;8;7;87;8;20
598;1;0;2;1;26;8;4
599;4;4;11;1;57;1;20
600;4;2;7;1;6;4;14
601;5;4;4;2;20;5;15
602;5;7;6;1;78;3;19
603;5;0;4;2;92;8;11
604;4;1;7;1;29;2;13
605;3;3;13;1;19;2;20
606;6;8;13;1;8;2;28
607;7;5;10;4;49;5;26
608;5;9;6;2;43;2;22
609;6;4;10;1;13;3;21
610;1;0;2;1;9;7;4
611;7;8;10;3;81;5;28
612;7;2;8;3;86;6;20
613;2;0;4;3;37;5;9
614;8;9;4;2;51;6;23
615;11;5;13;1;81;7;30
616;1;0;2;1;37;7;4
617;4;5;7;1;87;1;17
618;5;4;5;2;1;4;16
619;8;9;7;3;24;7;27
620;5;2;11;2;99;4;20
621;6;10;13;4;47;4;33
622;2;2;3;4;71;7;11
623;8;6;6;1;56;3;21
624;11;5;12;1;6;6;29
625;1;0;4;2;28;5;7
626;5;6;10;1;96;2;22
627;4;2;6;1;73;2;13
628;2;1;3;4;80;6;10
629;5;4;6;1;1;2;16
630;2;1;4;1;71;7;8
631;5;7;9;6;72;4;27
632;3;8;12;1;30;1;24
633;1;0;3;1;49;5;5
634;11;1;8;1;90;7;21
635;3;5;12;1;40;1;21
636;9;4;9;1;2;5;23
637;4;6;4;1;3;2;15
638;2;0;4;1;17;5;7
639;2;0;3;2;7;8;7
640;5;5;12;0;72;1;22
641;1;0;2;1;34;7;4
642;2;1;5;5;83;5;13
643;1;0;2;1;18;8;4
644;2;1;3;1;56;6;7
645;7;3;13;1;28;4;24
646;1;0;3;2;43;7;6
647;4;5;7;6;98;6;22
648;5;1;4;1;29;7;11
649;3;2;9;2;91;3;16
650;4;2;8;2;87;3;16
651;6;3;6;9;11;7;24
652;5;3;4;1;73;2;13
653;2;1;7;2;50;2;12
654;7;6;5;5;55;6;23
655;10;10;7;1;0;6;28
656;3;0;3;3;67;7;9
657;2;1;4;1;91;4;8
658;5;6;4;1;79;3;16
659;5;4;7;2;12;3;18
660;9;5;10;3;21;7;27
661;1;4;4;3;90;3;12
662;1;1;2;1;0;6;5
663;5;1;6;7;90;8;19
664;7;3;12;3;92;7;25
665;1;0;3;1;29;6;5
666;3;4;8;5;25;8;20
667;8;6;9;7;81;6;30
668;6;10;5;1;89;2;22
669;2;1;3;2;0;4;8
670;8;1;5;1;32;8;15
671;6;1;7;4;52;6;18
672;2;2;2;3;3;7;9
673;7;7;9;1;44;4;24
674;3;2;10;2;92;3;17
675;2;1;4;1;94;3;8
676;3;0;3;3;46;8;9
677;3;1;6;2;84;5;12
678;3;2;2;1;86;5;8
679;4;1;4;2;37;7;11
680;1;0;2;1;89;6;4
681;3;6;7;1;8;2;17
682;1;0;3;2;91;7;6
683;4;7;11;5;71;3;27
684;4;5;3;2;38;6;14
685;1;0;2;1;65;6;4
686;7;6;6;1;9;3;20
687;4;0;3;3;39;8;10
688;2;0;3;2;1;8;7
689;8;5;11;1;20;8;25
690;4;6;8;2;56;3;20
691;1;0;3;1;55;6;5
692;2;0;3;3;33;8;8
693;2;8;6;1;87;1;17
694;4;4;9;4;81;4;21
695;2;0;4;2;98;5;8
696;2;0;4;3;19;8;9
697;10;2;4;3;67;9;19
698;1;1;2;1;58;5;5
699;1;0;3;1;42;6;5
700;3;6;4;1;68;1;14
701;8;4;6;2;46;6;20
702;3;0;4;1;72;6;8
703;2;0;3;2;34;8;7
704;3;0;3;2;8;7;8
705;4;2;8;3;50;6;17
706;2;5;12;2;11;6;21
707;5;1;5;3;1;6;14
708;5;4;7;1;58;2;17
709;3;1;2;4;47;8;10
710;9;2;9;1;54;5;21
711;8;3;11;4;40;5;26
712;7;6;5;2;30;5;20
713;4;0;3;4;38;8;11
714;3;0;2;1;19;9;6
715;1;0;3;2;67;3;6
716;1;0;3;2;33;6;6
717;6;4;7;1;94;6;18
718;6;9;5;2;28;2;22
719;5;2;5;6;54;5;18
720;8;5;6;1;57;3;20
721;3;1;4;4;20;6;12
722;7;3;7;3;42;5;20
723;6;1;5;2;99;8;14
724;3;1;4;4;35;7;12
725;2;1;3;3;11;5;9
726;4;3;10;1;61;2;18
727;7;2;10;2;92;6;21
728;3;0;4;5;96;7;12
729;4;1;4;2;46;6;11
730;4;4;10;1;86;1;19
731;2;0;3;2;10;7;7
732;5;4;8;1;15;3;18
733;1;1;3;2;87;3;7
734;3;10;11;1;93;1;25
735;3;1;2;1;53;8;7
736;7;1;8;3;28;7;19
737;3;5;13;1;72;6;22
738;2;1;3;2;64;6;8
739;3;2;6;3;61;5;14
740;5;1;5;1;27;5;12
741;6;8;4;6;28;7;24
742;1;0;3;2;42;4;6
743;3;0;3;2;76;8;8
744;2;6;3;4;77;8;15
745;4;0;3;4;76;9;11
746;3;1;2;2;0;7;8
747;4;5;6;1;73;2;16
748;2;0;3;2;56;8;7
749;3;6;7;1;2;1;17
750;2;0;3;1;49;7;6
751;4;3;6;4;50;4;17
752;1;1;2;1;84;6;5
753;6;2;8;2;73;6;18
754;5;6;7;1;43;2;19
755;3;6;8;2;27;3;19
756;11;9;12;3;1;6;35
757;3;3;6;1;19;3;13
758;6;4;8;3;27;5;21
759;7;5;8;3;60;5;23
760;1;0;3;1;24;7;5
761;3;0;4;5;50;8;12
762;5;7;10;1;34;3;23
763;3;2;2;1;74;8;8
764;3;1;5;2;79;5;11
765;5;1;7;3;90;7;16
766;3;3;5;4;37;4;15
767;2;11;4;1;90;1;18
768;3;1;3;4;96;5;11
769;1;0;2;1;52;7;4
770;4;1;3;3;10;7;11
771;4;1;6;5;10;5;16
772;5;4;8;2;83;3;19
773;5;3;3;2;17;6;13
774;1;0;3;2;94;8;6
775;8;10;5;2;81;6;25
776;3;8;13;1;4;1;25
777;3;0;3;4;48;8;10
778;6;5;12;5;50;3;28
779;7;1;8;6;22;7;22
780;3;5;10;1;73;1;19
781;6;1;5;2;46;7;14
782;4;1;5;6;50;8;16
783;7;1;5;4;30;9;17
784;2;1;3;3;24;5;9
785;7;7;12;1;98;3;27
786;5;2;6;3;96;5;16
787;2;0;4;2;39;5;8
788;6;9;4;1;8;5;20
789;7;7;10;1;38;3;25
790;4;1;4;1;96;8;10
791;3;4;10;1;94;0;18
792;10;6;7;2;97;4;25
793;1;1;2;2;43;5;6
794;1;0;3;2;79;3;6
795;5;2;12;2;3;2;21
796;7;4;7;0;10;2;18
797;7;1;7;3;1;8;18
798;5;5;8;4;94;5;22
799;6;2;11;2;57;5;21
800;10;2;12;7;25;7;31
801;1;1;5;2;70;3;9
802;1;0;3;1;2;7;5
803;1;0;2;1;37;7;4
804;2;0;4;2;25;5;8
805;4;1;7;1;33;7;13
806;6;2;11;3;66;5;22
807;3;6;4;1;45;2;14
808;5;2;5;4;48;6;16
809;4;8;5;1;95;2;18
810;6;1;6;3;98;8;16
811;4;7;13;2;65;2;26
812;1;1;4;3;58;4;9
813;6;3;8;3;69;5;20
814;0;1;2;1;55;4;4
815;0;0;0;0;20;14;0
816;2;0;4;3;54;4;9
817;10;3;7;3;98;6;23
818;2;0;3;1;78;7;6
819;2;0;3;1;94;5;6
820;5;11;6;1;17;3;23
821;3;5;12;1;68;2;21
822;4;2;8;2;43;4;16
823;6;1;4;4;98;8;15
824;5;6;7;1;13;2;19
825;5;1;5;1;32;7;12
826;2;1;4;3;22;3;10
827;9;7;9;1;46;5;26
828;6;7;8;1;87;3;22
829;6;5;13;1;84;3;25
830;4;9;13;1;65;2;27
831;4;5;11;1;78;2;21
832;4;2;8;1;56;4;15
833;2;0;3;2;12;6;7
834;2;0;3;2;1;5;7
835;2;8;6;1;84;1;17
836;2;1;6;1;23;4;10
837;2;4;10;1;6;1;17
838;2;1;4;4;56;4;11
839;2;0;3;1;13;5;6
840;2;1;5;5;84;6;13
841;3;1;3;2;31;6;9
842;1;0;3;2;49;8;6
843;0;0;3;1;32;7;4
844;6;2;9;2;17;5;19
845;10;1;6;5;34;9;22
846;6;9;10;1;5;2;26
847;4;3;5;1;54;1;13
848;6;6;4;7;64;6;23
849;5;3;12;4;70;4;24
850;9;2;8;12;0;8;31
851;3;0;4;2;30;8;9
852;1;1;4;2;49;3;8
853;3;4;10;11;3;8;28
854;2;0;3;2;71;8;7
855;3;3;8;1;71;1;15
856;9;1;4;2;91;8;16
857;6;1;4;6;35;8;17
858;1;0;2;1;38;7;4
859;1;0;2;1;40;9;4
860;11;4;8;3;17;8;26
861;7;6;11;2;34;5;26
862;6;9;12;1;12;1;28
863;4;1;7;7;71;4;19
864;3;1;3;4;96;9;11
865;3;1;6;7;47;5;17
866;3;1;2;3;16;8;9
867;2;0;3;2;16;8;7
868;9;2;9;3;83;6;23
869;4;1;6;1;73;5;12
870;11;1;6;5;98;9;23
871;2;0;3;2;92;5;7
872;5;8;10;2;62;5;25
873;2;2;3;5;76;5;12
874;5;2;11;2;23;5;20
875;6;5;9;2;4;3;22
876;8;1;7;1;74;7;17
877;6;1;6;1;4;6;14
878;9;3;13;2;59;6;27
879;1;0;2;1;17;7;4
880;6;4;10;1;55;2;21
881;2;2;11;1;79;1;16
882;3;10;8;1;75;1;22
883;1;0;3;1;94;5;5
884;4;1;5;2;48;7;12
885;5;2;11;3;87;4;21
886;1;0;4;2;86;4;7
887;4;7;6;0;78;1;17
888;4;2;12;4;53;4;22
889;0;0;3;1;94;6;4
890;1;1;2;2;37;5;6
891;6;6;13;1;25;4;26
892;0;0;3;1;78;5;4
893;8;4;10;1;25;6;23
894;7;1;8;1;19;5;17
895;10;4;7;3;96;6;24
896;8;8;6;3;7;6;25
897;6;5;12;1;54;3;24
898;8;2;5;1;1;5;16
899;1;1;3;1;13;3;6
900;1;1;2;1;39;7;5
901;3;1;4;2;22;8;10
902;3;10;5;1;40;2;19
903;4;1;7;2;18;5;14
904;3;1;8;4;34;4;16
905;4;1;6;6;80;7;17
906;4;4;8;1;22;2;17
907;6;4;9;1;38;7;20
908;2;0;3;2;43;7;7
909;4;3;4;1;1;1;12
910;1;0;2;1;78;5;4
911;6;2;7;4;93;5;19
912;2;0;4;3;34;8;9
913;1;0;2;1;61;8;4
914;6;7;9;1;35;2;23
915;8;5;4;5;25;8;22
916;4;4;8;1;54;2;17
917;2;0;3;2;83;6;7
918;1;1;3;3;19;7;8
919;10;7;10;5;54;6;32
920;3;0;4;3;47;7;10
921;7;2;5;6;95;8;20
922;1;0;3;1;15;5;5
923;3;2;13;1;67;1;19
924;2;0;3;2;25;8;7
925;7;3;7;1;0;5;18
926;3;4;8;1;69;1;16
927;3;0;3;3;75;8;9
928;7;3;4;7;41;8;21
929;8;8;5;1;21;3;22
930;5;9;11;1;14;2;26
931;10;5;10;6;24;8;31
932;5;2;4;5;50;8;16
933;6;1;4;2;61;7;13
934;5;6;4;1;35;3;16
935;4;10;8;1;7;1;23
936;1;0;2;1;48;8;4
937;8;6;5;1;58;3;20
938;4;1;6;2;66;5;13
939;1;0;2;1;81;5;4
940;1;0;2;1;8;7;4
941;3;8;4;6;46;4;21
942;10;2;11;1;51;8;24
943;3;3;5;3;70;6;14
944;6;5;10;2;96;3;23
945;7;3;7;8;9;8;25
946;1;3;6;2;16;1;12
947;7;4;10;4;81;4;25
948;3;1;4;2;11;7;10
949;4;2;8;3;29;4;17
950;10;2;6;6;46;9;24
951;4;4;7;1;3;2;16
952;8;2;5;1;3;5;16
953;5;1;8;3;0;5;17
954;2;1;2;1;60;7;6
955;3;1;2;4;47;8;10
956;2;0;4;3;22;7;9
957;1;0;3;1;99;8;5
958;7;3;7;1;29;3;18
959;3;4;10;1;27;1;18
960;3;4;7;3;97;5;17
961;8;9;8;8;52;6;33
962;2;0;3;1;54;6;6
963;2;1;3;4;98;7;10
964;3;4;6;1;51;1;14
965;3;0;4;4;37;7;11
966;1;1;2;1;10;8;5
967;2;0;3;1;28;8;6
968;1;0;3;2;75;8;6
969;6;2;2;2;26;9;12
970;1;0;2;1;91;8;4
971;1;0;2;1;52;6;4
972;5;2;9;10;11;7;26
973;5;1;5;2;65;8;13
974;3;4;7;1;86;2;15
975;3;0;4;3;8;8;10
976;3;5;3;1;24;6;12
977;10;2;8;1;30;5;21
978;3;7;13;1;93;2;24
979;3;0;4;4;44;4;11
980;1;0;2;1;80;7;4
981;8;9;4;1;83;4;22
982;7;3;4;1;52;4;15
983;1;1;5;1;63;2;8
984;2;1;2;1;47;8;6
985;2;0;4;3;6;7;9
986;6;1;4;4;87;9;15
987;4;2;5;4;30;5;15
988;3;2;5;1;19;1;11
989;1;2;2;1;55;4;6
990;5;6;8;6;23;3;25
991;3;2;7;2;30;3;14
992;8;2;4;3;61;7;17
993;2;3;8;3;54;3;16
994;7;6;10;2;61;5;25
995;6;1;4;7;51;9;18
996;7;1;7;3;29;5;18
997;1;2;2;1;9;6;6
998;2;0;3;2;34;7;7
999;2;0;3;2;71;7;7
1000;4;0;4;1;94;5;9
1001;1;0;3;1;40;8;5
1002;2;0;3;2;65;8;7
1003;9;2;5;8;46;8;24
1004;4;6;8;1;13;2;19
1005;3;0;3;1;14;8;7
1006;5;7;4;1;27;3;17
1007;2;2;2;2;55;7;8
1008;6;3;8;4;95;5;21
1009;4;5;9;1;93;2;19
1010;2;0;3;2;5;7;7
1011;2;0;3;1;92;4;6
1012;5;5;4;2;61;3;16
1013;9;7;10;2;90;7;28
1014;6;1;5;3;74;7;15
1015;6;9;9;1;73;3;25
1016;1;0;3;2;49;9;6
1017;0;0;1;0;76;20;1
1018;3;1;3;3;25;8;10
1019;7;1;7;2;18;8;17
1020;4;4;10;1;53;2;19
1021;3;2;9;2;31;8;16
1022;4;2;5;2;89;7;13
1023;4;7;10;5;14;2;26
1024;6;9;5;1;6;3;21
1025;1;0;2;1;50;8;4
1026;2;0;3;1;80;4;6
1027;2;1;4;3;50;6;10
1028;1;0;3;1;43;7;5
1029;4;6;13;1;85;2;24
1030;2;1;4;2;15;7;9
1031;3;1;7;3;77;4;14
1032;1;0;3;1;23;6;5
1033;6;4;9;1;42;2;20
1034;9;2;5;2;82;7;18
1035;2;2;6;3;93;5;13
1036;2;6;10;2;7;5;20
1037;5;7;9;1;84;4;22
1038;4;2;5;5;67;7;16
1039;2;0;3;2;73;9;7
1040;2;1;3;3;39;5;9
1041;1;1;4;1;78;3;7
1042;1;0;3;1;25;7;5
1043;4;7;9;1;32;1;21
1044;5;9;4;1;93;3;19
1045;3;0;3;3;39;9;9
1046;5;2;10;2;11;8;19
1047;1;2;2;2;84;4;7
1048;2;10;6;1;67;1;19
1049;2;1;2;2;30;8;7
1050;1;0;2;1;86;7;4
1051;5;7;10;1;80;2;23
1052;3;2;8;4;89;4;17
1053;4;0;3;3;55;7;10
1054;2;1;4;4;81;5;11
1055;2;8;13;1;2;0;24
1056;7;2;10;2;68;6;21
1057;1;0;3;1;62;7;5
1058;2;0;3;1;65;5;6
1059;5;4;9;2;74;3;20
1060;2;0;4;1;67;6;7
1061;11;2;10;2;29;7;25
1062;11;2;8;1;76;6;22
1063;5;1;6;1;88;6;13
1064;5;10;13;1;35;3;29
1065;11;4;10;1;82;5;26
1066;1;1;2;1;68;4;5
1067;1;0;3;1;82;8;5
1068;2;1;4;1;32;3;8
1069;1;0;2;1;24;8;4
1070;10;6;7;5;70;7;28
1071;2;4;12;1;66;1;19
1072;1;0;2;1;12;7;4
1073;2;1;2;2;36;5;7
1074;6;7;11;1;27;2;25
1075;3;5;7;2;4;7;17
1076;3;5;5;1;72;1;14
1077;5;2;6;3;2;5;16
1078;3;0;3;2;78;8;8
1079;6;1;5;2;40;7;14
1080;6;6;12;3;6;5;27
1081;7;4;7;2;51;5;20
1082;5;9;12;1;13;3;27
1083;2;0;4;2;10;5;8
1084;8;2;11;4;47;6;25
1085;3;0;3;1;86;7;7
1086;1;0;3;2;10;7;6
1087;7;2;11;5;49;5;25
1088;3;2;10;2;8;3;17
1089;3;2;6;1;76;1;12
1090;4;1;5;1;23;4;11
1091;6;2;5;7;54;8;20
1092;2;1;4;1;81;3;8
1093;2;1;5;4;0;4;12
1094;4;6;4;1;14;1;15
1095;5;8;5;0;62;2;18
1096;2;0;4;3;20;5;9
1097;2;1;3;4;5;6;10
1098;4;1;8;5;64;4;18
1099;5;6;4;1;12;3;16
1100;3;4;10;11;3;8;28
1101;2;1;3;3;86;7;9
1102;2;2;9;4;67;7;17
1103;9;3;4;1;54;4;17
1104;2;0;3;1;83;7;6
1105;6;1;5;3;37;6;15
1106;0;0;3;1;95;4;4
1107;1;0;3;1;23;6;5
1108;5;2;4;5;48;9;16
1109;1;0;2;1;91;7;4
1110;6;5;8;1;24;9;20
1111;1;0;2;1;87;7;4
1112;3;0;3;3;62;7;9
1113;5;5;8;1;94;3;19
1114;6;3;12;2;2;5;23
1115;5;8;6;1;16;3;20
1116;2;2;7;4;14;8;15
1117;11;5;11;3;45;8;30
1118;10;3;8;5;61;7;26
1119;2;1;2;2;10;8;7
1120;1;0;4;1;15;6;6
1121;3;1;4;1;54;5;9
1122;2;1;3;1;82;6;7
1123;1;0;3;1;29;5;5
1124;1;0;4;2;21;4;7
1125;0;1;2;1;82;5;4
1126;6;6;7;1;10;4;20
1127;5;0;4;5;53;8;14
1128;7;1;5;6;70;8;19
1129;7;3;5;2;38;8;17
1130;6;7;9;2;89;3;24
1131;6;3;6;1;79;3;16
1132;7;5;11;3;59;5;26
1133;5;6;12;1;98;2;24
1134;1;0;2;1;85;6;4
1135;1;0;2;1;58;9;4
1136;5;5;12;1;43;2;23
1137;5;2;4;2;51;5;13
1138;11;6;5;4;46;8;26
1139;7;1;3;3;36;9;14
1140;2;1;5;2;28;2;10
1141;1;0;1;0;2;17;2
1142;1;0;3;1;86;5;5
1143;0;0;0;0;56;14;0
1144;10;4;13;1;23;6;28
1145;1;0;2;1;63;8;4
1146;6;2;4;4;90;8;16
1147;2;1;3;2;65;6;8
1148;1;0;3;1;27;6;5
1149;3;0;4;3;15;4;10
1150;1;0;3;2;3;4;6
1151;6;3;5;3;52;6;17
1152;4;4;10;1;60;8;19
1153;7;4;9;12;20;7;32
1154;8;4;9;2;8;6;23
1155;8;3;13;3;55;6;27
1156;8;2;11;2;35;5;23
1157;5;7;12;2;36;1;26
1158;4;0;4;3;87;8;11
1159;7;5;8;1;74;4;21
1160;2;8;6;1;29;1;17
1161;2;1;5;4;48;6;12
1162;6;3;5;8;51;6;22
1163;1;0;3;1;97;8;5
1164;9;9;4;0;80;5;22
1165;10;4;7;3;12;6;24
1166;6;2;4;2;11;7;14
1167;11;2;12;7;37;6;32
1168;4;2;6;1;64;3;13
1169;4;6;7;0;54;1;17
1170;8;3;5;1;3;4;17
1171;5;1;6;2;97;6;14
1172;3;2;5;1;0;2;11
1173;2;0;4;4;49;6;10
1174;6;5;13;4;51;4;28
1175;5;1;5;4;92;6;15
1176;4;1;5;2;96;5;12
1177;2;2;2;3;77;7;9
1178;7;5;13;2;79;5;27
1179;11;10;11;2;97;6;34
1180;2;0;3;2;67;8;7
1181;6;7;12;0;16;2;25
1182;7;2;3;4;28;9;16
1183;1;0;3;1;54;6;5
1184;4;1;3;2;4;7;10
1185;3;1;2;2;69;8;8
1186;4;8;10;1;91;2;23
1187;5;5;11;4;59;3;25
1188;1;0;2;1;77;6;4
1189;1;0;3;1;47;6;5
1190;3;0;3;2;2;8;8
1191;2;0;4;2;89;6;8
1192;1;0;3;1;18;7;5
1193;6;6;4;1;12;2;17
1194;4;6;4;1;5;3;15
1195;3;0;3;3;63;9;9
1196;2;0;2;1;97;9;5
1197;2;2;2;2;84;7;8
1198;10;5;4;5;28;9;24
1199;6;3;13;6;17;7;28
1200;4;7;5;1;0;2;17
1201;5;2;9;2;65;6;18
1202;0;1;2;1;21;8;4
1203;4;4;9;3;56;3;20
1204;4;6;9;1;88;1;20
1205;7;3;5;2;92;4;17
1206;1;0;3;1;32;8;5
1207;6;2;10;1;68;4;19
1208;2;0;3;2;74;4;7
1209;3;0;3;3;43;7;9
1210;6;5;11;1;84;2;23
1211;7;3;13;4;41;5;27
1212;7;2;5;5;61;6;19
1213;5;4;10;2;50;4;21
1214;1;0;3;1;10;7;5
1215;6;6;7;1;62;2;20
1216;2;1;2;2;5;6;7
1217;7;5;8;2;40;4;22
1218;4;2;5;2;83;3;13
1219;3;2;2;4;86;8;11
1220;6;2;4;2;81;7;14
1221;2;11;5;4;29;2;22
1222;1;1;4;1;96;2;7
1223;6;1;5;5;8;9;17
1224;4;2;9;3;40;3;18
1225;5;8;5;1;85;2;19
1226;1;0;2;1;21;6;4
1227;3;0;3;2;92;8;8
1228;2;1;4;2;91;5;9
1229;5;1;6;3;22;7;15
1230;5;10;7;1;68;1;23
1231;8;1;8;4;45;8;21
1232;2;1;3;3;60;8;9
1233;4;5;7;6;98;6;22
1234;2;0;4;1;51;5;7
1235;3;2;2;4;43;9;11
1236;2;0;3;1;38;9;6
1237;7;4;7;3;4;4;21
1238;5;1;5;6;97;9;17
1239;0;0;3;1;20;3;4
1240;7;2;5;4;72;7;18
1241;4;7;11;1;91;2;23
1242;2;0;3;2;75;6;7
1243;4;2;3;1;56;7;10
1244;7;2;12;1;17;4;22
1245;1;0;3;2;49;7;6
1246;1;1;2;1;91;8;5
1247;5;2;4;3;53;8;14
1248;1;0;2;1;11;6;4
1249;6;2;8;1;98;2;17
1250;6;3;9;1;19;4;19
1251;3;6;6;1;0;1;16
1252;1;1;3;2;65;5;7
1253;2;1;4;3;34;6;10
1254;1;0;2;1;84;7;4
1255;1;3;5;1;36;1;10
1256;3;1;4;4;74;6;12
1257;3;0;3;3;75;9;9
1258;5;1;5;4;92;8;15
1259;4;9;13;1;57;1;27
1260;7;3;7;4;9;5;21
1261;8;2;6;6;55;7;22
1262;5;10;5;1;25;1;21
1263;3;4;9;3;59;8;19
1264;7;5;10;1;78;4;23
1265;7;8;11;1;85;3;27
1266;8;4;11;5;72;6;28
1267;3;0;3;3;2;8;9
1268;5;0;3;3;62;9;11
1269;7;3;6;2;50;4;18
1270;2;0;3;1;24;9;6
1271;2;1;2;2;76;6;7
1272;4;3;8;4;83;4;19
1273;6;3;13;4;33;9;26
1274;6;1;7;8;30;8;22
1275;3;7;10;3;36;3;23
1276;7;4;3;2;39;6;16
1277;11;2;12;3;4;7;28
1278;2;0;4;2;76;7;8
1279;7;5;10;1;71;4;23
1280;0;0;0;15;65;20;15
1281;1;0;2;1;35;7;4
1282;1;1;2;2;24;8;6
1283;8;4;8;6;39;8;26
1284;3;1;3;1;13;6;8
1285;2;2;5;1;45;2;10
1286;6;1;5;5;16;7;17
1287;8;7;11;1;36;6;27
1288;4;6;4;1;96;2;15
1289;6;3;13;3;84;4;25
1290;3;2;2;4;63;9;11
1291;2;2;8;1;88;1;13
1292;4;6;8;7;24;3;25
1293;3;2;7;2;9;3;14
1294;7;2;4;4;1;8;17
1295;2;0;3;2;34;6;7
1296;5;10;5;0;9;1;20
1297;4;1;5;3;64;5;13
1298;2;0;4;3;23;7;9
1299;8;2;5;7;56;7;22
1300;4;4;8;1;54;2;17
1301;2;0;4;3;3;6;9
1302;2;0;3;1;5;6;6
1303;2;1;4;3;51;4;10
1304;9;6;9;7;92;8;31
1305;2;1;4;2;43;5;9
1306;3;0;4;1;55;7;8
1307;1;0;2;1;48;8;4
1308;1;0;2;1;40;8;4
1309;4;1;3;4;68;8;12
1310;10;3;8;5;84;8;26
1311;4;4;5;4;41;2;17
1312;1;0;2;1;61;8;4
1313;5;3;13;3;21;4;24
1314;11;2;7;6;11;8;26
1315;5;1;5;6;65;7;17
1316;1;0;3;1;65;5;5
1317;4;0;3;1;50;8;8
1318;1;1;2;2;79;8;6
1319;3;0;3;1;50;8;7
1320;4;2;8;6;26;5;20
1321;1;0;3;1;17;7;5
1322;4;4;9;1;93;2;18
1323;8;2;7;2;21;7;19
1324;1;0;2;1;1;6;4
1325;0;1;2;1;16;7;4
1326;2;0;3;2;60;7;7
1327;4;2;11;2;49;2;19
1328;6;1;6;1;75;7;14
1329;1;0;3;1;35;8;5
1330;3;2;4;3;46;5;12
1331;2;0;4;3;14;8;9
1332;3;6;12;1;23;1;22
1333;3;0;4;4;49;9;11
1334;2;0;3;2;2;9;7
1335;9;4;8;4;29;5;25
1336;11;8;8;2;85;6;29
1337;8;5;4;1;99;7;18
1338;8;3;7;2;76;7;20
1339;8;1;6;9;64;9;24
1340;6;6;7;2;9;4;21
1341;3;1;2;1;14;8;7
1342;1;1;2;2;30;4;6
1343;2;0;3;2;17;5;7
1344;2;10;10;1;18;1;23
1345;3;4;9;1;28;1;17
1346;3;1;5;4;49;4;13
1347;8;5;3;4;64;7;20
1348;0;0;3;1;46;6;4
1349;10;7;5;4;93;8;26
1350;4;7;12;1;26;2;24
1351;1;0;3;1;81;7;5
1352;6;2;5;5;63;6;18
1353;10;2;6;1;73;3;19
1354;5;1;4;2;8;7;12
1355;3;11;8;1;40;1;23
1356;3;0;4;2;5;7;9
1357;4;1;8;2;9;5;15
1358;3;0;4;2;20;7;9
1359;1;1;4;1;68;1;7
1360;3;2;10;6;35;9;21
1361;5;5;6;2;70;3;18
1362;9;2;12;4;48;5;27
1363;4;5;10;1;69;3;20
1364;9;2;8;3;66;7;22
1365;1;0;3;1;6;7;5
1366;6;2;8;1;11;6;17
1367;5;4;10;1;99;3;20
1368;2;0;3;2;21;5;7
1369;4;5;12;1;21;3;22
1370;4;1;2;3;8;7;10
1371;0;0;3;1;81;5;4
1372;2;1;3;1;26;3;7
1373;4;4;7;1;33;1;16
1374;6;1;4;4;11;8;15
1375;1;0;2;1;82;7;4
1376;9;1;7;8;51;9;25
1377;2;0;4;4;38;5;10
1378;4;2;4;7;81;8;17
1379;4;4;3;6;7;5;17
1380;7;5;8;1;27;4;21
1381;3;0;3;1;53;7;7
1382;2;0;3;1;70;8;6
1383;0;0;3;1;53;3;4
1384;4;2;4;2;74;5;12
1385;1;0;2;1;77;7;4
1386;9;2;10;3;95;7;24
1387;3;3;13;2;87;2;21
1388;1;0;3;2;57;4;6
1389;7;11;10;1;62;4;29
1390;1;1;3;3;82;6;8
1391;1;0;2;1;95;7;4
1392;1;0;3;1;56;5;5
1393;4;2;5;0;72;1;11
1394;1;0;3;1;5;7;5
1395;5;3;6;4;78;8;18
1396;2;0;3;1;82;7;6
1397;0;0;3;1;1;4;4
1398;2;1;3;2;81;6;8
1399;2;3;6;1;68;7;12
1400;2;0;3;2;78;7;7
1401;2;0;4;3;72;5;9
1402;7;2;9;7;48;6;25
1403;6;3;6;5;6;6;20
1404;9;6;8;2;86;5;25
1405;1;0;3;1;18;8;5
1406;6;4;6;1;50;5;17
1407;4;2;8;1;56;3;15
1408;9;2;12;3;72;6;26
1409;2;0;3;2;46;7;7
1410;3;2;4;1;68;3;10
1411;1;0;2;1;65;7;4
1412;5;4;8;3;4;2;20
1413;8;4;11;5;80;6;28
1414;4;1;3;2;97;6;10
1415;2;1;4;4;50;6;11
1416;1;0;3;1;80;9;5
1417;1;0;3;1;23;5;5
1418;2;0;3;3;92;8;8
1419;2;0;4;1;54;6;7
1420;6;2;6;2;56;6;16
1421;1;1;3;2;94;3;7
1422;6;3;5;5;32;8;19
1423;3;0;4;3;49;7;10
1424;8;2;9;6;85;5;25
1425;7;4;9;10;17;5;30
1426;3;2;4;2;42;4;11
1427;7;3;13;3;10;5;26
1428;3;4;10;1;29;1;18
1429;4;1;4;5;71;7;14
1430;3;2;3;2;30;7;10
1431;9;2;9;2;15;5;22
1432;5;3;12;1;71;2;21
1433;6;6;7;1;41;3;20
1434;3;1;3;1;9;8;8
1435;5;4;12;2;14;2;23
1436;3;1;3;4;7;8;11
1437;4;3;5;1;68;2;13
1438;5;7;9;1;70;7;22
1439;2;2;12;13;72;8;29
1440;3;0;3;3;15;9;9
1441;6;5;13;1;6;4;25
1442;2;0;2;1;71;8;5
1443;0;1;0;15;62;19;16
1444;1;0;2;1;16;8;4
1445;7;5;9;4;6;6;25
1446;2;1;3;3;86;3;9
1447;3;4;9;1;64;1;17
1448;2;7;7;1;54;0;17
1449;6;2;8;3;91;5;19
1450;5;10;5;1;12;1;21
1451;1;0;2;1;10;7;4
1452;3;1;4;3;6;7;11
1453;11;3;7;2;80;8;23
1454;0;0;3;1;51;4;4
1455;1;0;3;1;44;6;5
1456;8;2;6;3;33;7;19
1457;3;9;13;1;89;1;26
1458;3;0;3;2;30;8;8
1459;5;3;5;3;99;4;16
1460;7;8;13;4;25;6;32
1461;11;1;6;5;53;9;23
1462;2;1;7;1;72;2;11
1463;1;0;2;1;82;8;4
1464;3;6;12;1;48;6;22
1465;7;2;4;6;16;9;19
1466;4;11;7;1;74;2;23
1467;7;5;7;1;18;6;20
1468;2;0;3;2;25;7;7
1469;3;3;3;5;69;6;14
1470;4;5;4;1;85;2;14
1471;10;4;5;3;87;8;22
1472;1;0;2;1;49;7;4
1473;7;5;12;1;71;3;25
1474;4;4;12;3;57;2;23
1475;7;6;11;1;42;4;25
1476;5;1;5;2;59;8;13
1477;7;3;10;3;95;5;23
1478;6;3;5;11;26;4;25
1479;4;1;5;1;68;6;11
1480;9;5;9;2;84;7;25
1481;2;0;4;2;86;6;8
1482;4;4;5;2;56;2;15
1483;5;2;4;2;55;7;13
1484;6;3;5;2;8;5;16
1485;7;2;9;3;45;7;21
1486;8;3;5;3;48;6;19
1487;3;1;2;3;2;9;9
1488;1;1;2;1;51;8;5
1489;3;1;2;1;16;7;7
1490;1;0;3;1;1;8;5
1491;1;0;3;1;3;7;5
1492;2;1;4;3;48;4;10
1493;2;1;4;1;27;7;8
1494;2;0;3;1;28;7;6
1495;7;1;7;4;39;8;19
1496;4;7;13;2;73;2;26
1497;1;1;2;1;55;6;5
1498;7;2;10;1;81;5;20
1499;1;1;2;1;2;6;5
1500;5;6;7;1;32;2;19
1501;2;3;13;1;1;1;19
1502;2;1;4;3;0;7;10
1503;8;4;6;1;71;5;19
1504;3;4;10;1;29;1;18
1505;5;2;6;2;97;5;15
1506;3;3;5;1;98;3;12
1507;3;1;3;3;77;7;10
1508;1;1;4;4;42;3;10
1509;2;0;3;2;64;6;7
1510;2;0;4;1;91;4;7
1511;4;7;10;1;31;1;22
1512;3;2;8;1;13;3;14
1513;2;0;3;1;87;8;6
1514;2;1;4;3;72;5;10
1515;6;5;13;0;28;2;24
1516;7;7;12;1;3;3;27
1517;4;6;5;1;13;2;16
1518;2;0;3;1;1;7;6
1519;2;1;3;3;80;6;9
1520;9;5;4;3;55;7;21
1521;3;0;3;2;80;6;8
1522;6;1;5;6;68;8;18
1523;2;5;6;5;71;5;18
1524;6;1;5;5;20;8;17
1525;6;2;11;6;98;5;25
1526;1;0;3;2;57;6;6
1527;3;11;9;1;92;1;24
1528;5;10;7;1;49;3;23
1529;5;1;2;2;9;9;10
1530;1;0;3;2;89;7;6
1531;5;4;10;4;93;4;23
1532;8;7;7;1;30;4;23
1533;6;3;4;2;97;4;15
1534;1;0;3;1;41;7;5
1535;2;1;3;3;10;6;9
1536;9;4;10;1;98;6;24
1537;1;0;2;1;40;8;4
1538;1;1;2;1;54;5;5
1539;1;1;2;1;90;7;5
1540;3;0;4;2;53;7;9
1541;4;1;2;3;30;9;10
1542;1;0;4;2;52;4;7
1543;2;0;3;1;77;7;6
1544;1;0;4;1;98;5;6
1545;3;1;3;4;84;5;11
1546;1;1;2;2;82;7;6
1547;2;0;3;1;36;7;6
1548;5;8;12;1;92;3;26
1549;11;3;4;7;81;7;25
1550;23;1;1;0;92;0;25
1551;1;0;2;1;16;8;4
1552;6;10;6;1;7;5;23
1553;3;5;12;1;35;1;21
1554;11;2;10;2;91;7;25
1555;4;1;6;5;7;8;16
1556;8;3;7;11;13;7;29
1557;7;7;10;2;99;3;26
1558;0;0;0;15;29;19;15
1559;4;6;6;1;2;1;17
1560;2;1;3;3;78;5;9
1561;5;1;7;2;96;7;15
1562;3;0;3;2;41;6;8
1563;4;0;3;2;30;9;9
1564;2;0;3;1;19;7;6
1565;2;0;3;3;40;8;8
1566;7;4;7;3;78;5;21
1567;1;0;3;1;51;6;5
1568;5;2;10;1;38;4;18
1569;8;1;6;3;14;6;18
1570;3;5;8;1;74;3;17
1571;9;0;4;4;27;10;17
1572;1;1;2;1;67;6;5
1573;5;10;6;1;30;2;22
1574;7;6;13;2;61;4;28
1575;5;2;5;5;8;8;17
1576;1;0;3;2;72;8;6
1577;7;10;5;4;46;5;26
1578;2;1;3;3;15;5;9
1579;2;4;10;2;58;1;18
1580;4;1;4;3;11;7;12
1581;2;0;3;2;71;6;7
1582;2;1;2;2;2;7;7
1583;6;1;5;6;68;8;18
1584;2;9;13;1;12;1;25
1585;7;2;8;3;68;4;20
1586;4;4;7;6;71;9;21
1587;5;10;12;1;56;6;28
1588;7;6;11;2;97;4;26
1589;6;4;13;8;72;6;31
1590;4;5;13;1;70;1;23
1591;4;6;10;1;62;2;21
1592;10;5;13;1;87;6;29
1593;5;1;4;4;20;8;14
1594;2;0;3;2;83;6;7
1595;4;1;6;3;56;6;14
1596;2;0;3;2;36;6;7
1597;1;0;2;1;85;8;4
1598;2;0;3;2;45;7;7
1599;3;1;4;2;85;5;10
1600;4;1;4;3;39;7;12
1601;6;2;11;6;3;6;25
1602;1;0;3;1;71;2;5
1603;3;3;8;2;47;2;16
1604;2;1;5;4;0;4;12
1605;4;5;4;1;1;3;14
1606;1;0;3;1;3;7;5
1607;5;3;5;1;16;3;14
1608;4;3;6;1;72;1;14
1609;7;4;3;2;39;6;16
1610;9;7;9;1;34;5;26
1611;6;3;6;2;78;5;17
1612;9;1;8;3;15;9;21
1613;3;7;9;1;52;1;20
1614;6;2;6;5;37;7;19
1615;6;1;6;4;51;7;17
1616;8;4;7;1;28;4;20
1617;1;0;2;1;16;6;4
1618;1;0;3;2;40;7;6
1619;8;5;9;11;55;6;33
1620;1;0;4;1;7;3;6
1621;7;7;10;2;8;4;26
1622;4;2;9;5;3;4;20
1623;7;4;6;6;24;6;23
1624;10;8;10;4;70;6;32
1625;2;0;3;3;89;8;8
1626;5;5;13;3;89;8;26
1627;4;5;8;1;89;1;18
1628;5;4;4;1;65;2;14
1629;4;0;4;3;60;9;11
1630;1;0;3;2;31;6;6
1631;9;7;13;1;48;4;30
1632;11;2;8;3;62;8;24
1633;0;0;3;1;75;8;4
1634;5;8;4;1;66;6;18
1635;7;2;7;1;81;7;17
1636;7;2;11;3;4;5;23
1637;6;2;12;2;57;3;22
1638;0;0;3;1;25;5;4
1639;4;6;6;1;55;2;17
1640;10;4;8;1;2;8;23
1641;2;0;4;3;42;6;9
1642;5;2;10;9;48;6;26
1643;7;9;6;0;84;4;22
1644;3;0;4;1;27;7;8
1645;2;0;4;1;84;6;7
1646;2;0;3;1;53;6;6
1647;3;0;3;3;70;8;9
1648;1;1;2;2;22;7;6
1649;4;6;4;1;90;1;15
1650;4;2;5;2;49;7;13
1651;1;0;2;1;31;6;4
1652;4;2;9;1;13;4;16
1653;3;10;4;1;73;2;18
1654;7;5;13;1;53;3;26
1655;3;2;5;7;11;7;17
1656;6;2;7;9;62;6;24
1657;1;0;4;1;48;4;6
1658;6;7;12;1;58;3;26
1659;4;2;5;6;53;6;17
1660;11;6;8;4;32;7;29
1661;4;3;5;7;61;5;19
1662;5;6;6;1;66;2;18
1663;11;5;11;3;48;5;30
1664;7;5;12;1;33;3;25
1665;4;7;5;1;53;1;17
1666;6;2;3;1;82;8;12
1667;1;0;3;1;2;5;5
1668;8;2;10;2;59;5;22
1669;4;0;4;2;56;7;10
1670;3;3;7;1;45;2;14
1671;11;8;5;6;88;8;30
1672;5;11;5;1;56;2;22
1673;5;1;3;4;89;9;13
1674;3;3;7;2;27;2;15
1675;8;3;6;2;23;4;19
1676;2;0;4;1;40;6;7
1677;7;1;6;6;56;8;20
1678;2;0;4;1;89;7;7
1679;4;3;5;1;83;2;13
1680;9;3;6;1;42;5;19
1681;1;0;3;1;68;8;5
1682;5;3;6;1;78;1;15
1683;27;0;0;0;9;1;27
1684;6;8;12;2;29;3;28
1685;8;5;13;2;57;4;28
1686;1;1;2;1;24;4;5
1687;6;4;12;2;77;4;24
1688;9;3;7;5;29;7;24
1689;2;2;3;2;94;7;9
1690;2;1;3;2;80;4;8
1691;2;8;13;1;19;1;24
1692;1;0;3;1;16;7;5
1693;10;3;12;4;94;6;29
1694;2;0;3;2;90;6;7
1695;7;4;10;1;20;6;22
1696;1;8;7;1;37;0;17
1697;5;6;11;1;74;2;23
1698;2;0;4;2;49;5;8
1699;2;0;2;1;43;9;5
1700;4;4;6;1;94;2;15
1701;8;2;9;13;74;8;32
1702;2;0;4;1;54;3;7
1703;1;0;3;1;29;4;5
1704;7;2;8;2;1;5;19
1705;5;5;5;1;67;2;16
1706;3;10;7;1;60;2;21
1707;1;0;3;1;59;6;5
1708;3;1;2;3;45;6;9
1709;3;0;3;3;77;6;9
1710;2;0;4;1;83;5;7
1711;5;5;12;5;21;5;27
1712;7;1;6;5;3;8;19
1713;2;8;12;1;73;1;23
1714;7;11;11;2;12;4;31
1715;3;4;10;2;82;3;19
1716;1;1;3;1;48;3;6
1717;1;1;3;1;51;5;6
1718;3;10;13;1;18;1;27
1719;4;4;10;4;23;3;22
1720;5;3;5;5;55;7;18
1721;4;4;6;1;86;2;15
1722;5;3;6;1;8;6;15
1723;1;0;3;1;64;7;5
1724;5;10;5;2;35;8;22
1725;5;1;4;3;24;7;13
1726;3;1;8;2;20;4;14
1727;7;1;7;2;67;7;17
1728;4;2;7;2;93;3;15
1729;8;1;7;2;42;7;18
1730;9;4;6;10;41;8;29
1731;9;5;7;4;38;5;25
1732;10;4;9;3;92;7;26
1733;7;8;9;1;82;5;25
1734;7;1;4;3;68;9;15
1735;4;6;12;1;67;1;23
1736;10;5;7;4;5;8;26
1737;3;0;3;1;71;7;7
1738;3;8;7;2;3;2;20
1739;3;6;11;1;41;1;21
1740;6;11;10;1;60;2;28
1741;1;0;3;1;36;6;5
1742;1;1;2;1;95;7;5
1743;3;0;3;3;40;6;9
1744;2;0;3;1;97;7;6
1745;2;0;3;1;80;7;6
1746;5;9;6;1;78;3;21
1747;6;11;7;4;81;5;28
1748;3;5;13;0;32;0;21
1749;2;1;3;3;94;7;9
1750;7;8;5;2;32;5;22
1751;2;1;3;4;98;9;10
1752;8;5;10;3;38;5;26
1753;1;1;2;2;37;5;6
1754;4;4;8;2;32;5;18
1755;5;5;5;3;93;8;18
1756;5;2;5;3;0;7;15
1757;2;5;13;1;2;6;21
1758;6;3;4;2;86;6;15
1759;7;1;6;5;92;7;19
1760;4;7;8;1;87;1;20
1761;10;5;10;6;24;8;31
1762;4;1;4;1;10;6;10
1763;4;8;9;1;1;2;22
1764;2;1;2;2;79;8;7
1765;2;0;3;1;80;5;6
1766;4;2;9;6;34;9;21
1767;3;0;4;4;2;7;11
1768;4;4;8;7;44;8;23
1769;5;3;12;1;89;2;21
1770;3;0;3;2;82;6;8
1771;1;1;3;1;40;2;6
1772;5;1;5;4;19;8;15
1773;4;3;6;8;80;7;21
1774;2;9;13;1;31;5;25
1775;6;6;6;1;73;2;19
1776;1;2;2;2;1;6;7
1777;2;0;4;3;19;3;9
1778;3;1;2;2;47;7;8
1779;4;7;10;1;24;1;22
1780;2;0;3;2;62;8;7
1781;4;1;5;5;64;6;15
1782;3;0;3;3;54;8;9
1783;7;3;4;2;22;4;16
1784;10;4;6;8;23;8;28
1785;6;3;5;2;27;4;16
1786;5;3;13;1;57;3;22
1787;3;1;4;1;96;5;9
1788;8;9;13;4;61;5;34
1789;1;0;2;1;72;7;4
1790;6;3;12;1;60;4;22
1791;6;8;10;2;80;4;26
1792;5;4;9;3;11;4;21
1793;3;1;3;1;4;6;8
1794;3;3;10;2;19;3;18
1795;2;1;2;1;16;8;6
1796;2;1;2;1;14;9;6
1797;2;1;4;4;26;6;11
1798;3;1;4;4;52;7;12
1799;8;2;7;6;48;7;23
1800;9;5;7;4;16;5;25
1801;4;2;5;2;88;5;13
1802;4;1;4;3;79;6;12
1803;10;3;10;1;25;6;24
1804;5;3;13;3;30;3;24
1805;7;8;12;1;60;4;28
1806;1;1;4;1;18;4;7
1807;5;1;4;4;45;8;14
1808;2;0;3;2;16;7;7
1809;3;10;8;1;93;2;22
1810;10;4;7;4;35;8;25
1811;5;7;9;0;35;1;21
1812;1;0;2;1;56;8;4
1813;2;5;5;2;44;6;14
1814;11;8;4;2;80;6;25
1815;1;0;3;1;99;5;5
1816;1;0;3;1;26;8;5
1817;2;3;5;1;99;1;11
1818;7;3;13;1;31;6;24
1819;0;1;2;1;51;7;4
1820;3;1;4;1;50;4;9
1821;4;6;5;1;12;2;16
1822;2;1;4;1;3;4;8
1823;8;3;12;4;5;6;27
1824;4;3;6;1;65;2;14
1825;6;8;11;2;50;2;27
1826;5;6;10;1;0;1;22
1827;3;1;3;3;32;9;10
1828;1;0;3;1;28;4;5
1829;3;0;4;2;24;7;9
1830;6;3;5;8;49;7;22
1831;4;4;10;1;60;1;19
1832;4;0;4;3;97;9;11
1833;5;1;8;2;0;7;16
1834;1;0;3;1;28;4;5
1835;1;1;4;3;71;2;9
1836;5;4;8;1;92;4;18
1837;1;0;2;1;79;7;4
1838;2;1;2;3;69;8;8
1839;6;6;9;2;50;3;23
1840;6;3;5;2;18;7;16
1841;1;0;3;2;13;7;6
1842;3;1;6;2;29;6;12
1843;2;1;3;2;98;8;8
1844;4;1;5;6;45;7;16
1845;7;2;6;6;35;7;21
1846;5;5;5;1;75;5;16
1847;1;0;3;2;68;4;6
1848;3;0;4;3;26;8;10
1849;3;2;6;1;39;2;12
1850;3;5;6;3;48;2;17
1851;4;6;9;10;98;7;29
1852;3;5;6;3;48;2;17
1853;4;3;7;0;94;3;14
1854;2;0;3;2;97;8;7
1855;25;0;0;0;0;1;25
1856;3;5;3;1;37;4;12
1857;2;0;3;2;19;6;7
1858;3;1;3;4;33;5;11
1859;1;1;3;2;36;3;7
1860;6;3;4;2;49;2;15
1861;4;8;5;1;91;1;18
1862;8;4;8;3;61;5;23
1863;2;2;2;1;46;5;7
1864;7;1;6;5;3;8;19
1865;7;5;12;1;36;2;25
1866;5;2;12;4;86;5;23
1867;1;0;2;1;36;6;4
1868;4;7;4;2;70;7;17
1869;1;0;3;1;66;4;5
1870;1;0;3;2;86;8;6
1871;3;0;4;3;39;8;10
1872;3;2;10;3;81;4;18
1873;4;1;7;4;30;5;16
1874;8;2;4;1;21;7;15
1875;3;2;2;4;7;7;11
1876;3;4;3;5;30;6;15
1877;1;1;4;2;16;3;8
1878;1;0;4;2;68;5;7
1879;3;0;4;2;96;5;9
1880;2;0;4;3;33;4;9
1881;3;3;8;2;38;2;16
1882;7;3;3;2;32;7;15
1883;5;5;3;4;68;8;17
1884;7;6;8;0;4;2;21
1885;3;0;3;2;46;8;8
1886;7;6;6;3;24;4;22
1887;2;2;5;1;76;2;10
1888;1;1;4;2;15;4;8
1889;8;4;6;2;89;3;20
1890;6;5;4;1;73;4;16
1891;3;0;3;3;49;8;9
1892;4;1;7;1;31;2;13
1893;3;1;7;1;73;2;12
1894;11;1;6;8;87;8;26
1895;5;4;4;7;10;6;20
1896;2;0;3;2;25;7;7
1897;3;2;2;4;11;9;11
1898;8;2;7;4;69;8;21
1899;1;1;2;1;63;7;5
1900;4;2;8;5;39;5;19
1901;1;0;3;1;81;7;5
1902;3;0;3;4;65;8;10
1903;2;1;2;2;9;7;7
1904;8;2;10;3;90;5;23
1905;3;0;3;1;51;8;7
1906;2;1;3;3;23;5;9
1907;9;1;7;1;14;6;18
1908;3;1;2;3;82;9;9
1909;5;3;6;2;4;4;16
1910;4;10;7;1;58;1;22
1911;1;0;3;1;18;4;5
1912;6;2;8;3;63;5;19
1913;2;2;2;2;71;8;8
1914;9;4;12;2;71;8;27
1915;4;3;8;3;46;4;18
1916;5;6;5;1;81;3;17
1917;0;0;3;1;50;4;4
1918;8;8;6;4;0;6;26
1919;3;1;3;4;80;8;11
1920;0;0;3;1;2;6;4
1921;7;4;13;4;8;5;28
1922;1;0;3;1;90;5;5
1923;9;4;8;7;58;6;28
1924;2;0;4;2;16;6;8
1925;1;0;3;1;26;8;5
1926;4;0;4;3;1;8;11
1927;8;3;11;1;21;3;23
1928;11;3;12;1;77;7;27
1929;3;2;2;3;29;8;10
1930;9;3;4;2;46;5;18
1931;6;3;10;1;85;3;20
1932;5;5;11;2;88;2;23
1933;7;7;9;1;79;2;24
1934;2;3;13;1;91;6;19
1935;3;1;5;6;80;8;15
1936;4;5;4;2;92;2;15
1937;11;3;4;1;12;4;19
1938;9;6;5;1;95;5;21
1939;6;5;10;2;8;3;23
1940;3;1;4;5;57;6;13
1941;3;1;4;3;40;7;11
1942;0;0;3;1;29;3;4
1943;2;1;3;1;40;4;7
1944;2;0;2;1;23;9;5
1945;7;10;6;1;60;2;24
1946;0;0;3;1;39;4;4
1947;7;7;10;1;38;3;25
1948;9;5;6;2;61;6;22
1949;5;1;8;7;2;7;21
1950;2;10;12;3;80;7;27
1951;3;7;8;1;47;1;19
1952;6;4;11;2;41;4;23
1953;7;1;6;4;38;8;18
1954;11;2;8;6;92;9;27
1955;1;0;3;1;9;3;5
1956;9;3;4;4;17;7;20
1957;6;3;5;3;21;3;17
1958;5;5;7;2;11;4;19
1959;7;4;9;2;59;6;22
1960;4;1;5;5;25;6;15
1961;3;0;3;4;52;8;10
1962;2;1;3;4;76;7;10
1963;1;1;2;1;42;6;5
1964;3;0;4;1;25;7;8
1965;4;1;6;1;78;4;12
1966;2;0;3;2;34;6;7
1967;1;0;3;1;52;6;5
1968;1;0;2;1;49;7;4
1969;9;10;4;3;90;6;26
1970;6;6;3;2;63;6;17
1971;2;1;3;1;77;5;7
1972;1;1;2;2;28;4;6
1973;4;1;6;1;73;3;12
1974;6;2;4;1;74;6;13
1975;3;0;4;2;40;8;9
1976;8;1;7;6;31;8;22
1977;6;2;9;1;42;2;18
1978;2;2;2;1;54;7;7
1979;4;3;10;1;60;2;18
1980;1;0;3;1;97;4;5
1981;4;4;10;2;60;6;20
1982;4;6;7;1;61;2;18
1983;8;4;7;4;3;6;23
1984;5;5;8;1;8;3;19
1985;2;0;3;2;24;7;7
1986;5;1;8;6;10;6;20
1987;9;3;8;2;25;6;22
1988;1;0;2;1;65;7;4
1989;2;1;4;5;72;5;12
1990;4;2;10;1;8;3;17
1991;3;1;4;2;89;7;10
1992;2;3;4;1;67;6;10
1993;5;1;4;4;21;8;14
1994;5;6;8;1;64;3;20
1995;6;5;11;1;63;3;23
1996;9;7;11;0;47;3;27
1997;2;1;2;2;93;9;7
1998;3;1;4;5;49;9;13
1999;9;2;12;2;29;7;25
2000;4;6;8;1;42;2;19
2001;1;0;0;0;12;13;1
2002;6;2;5;4;32;8;17
2003;5;6;7;1;2;2;19
2004;1;0;3;1;64;7;5
2005;9;1;7;8;51;8;25
2006;1;0;3;1;40;4;5
2007;4;2;10;1;51;2;17
2008;1;0;3;1;66;6;5
2009;2;0;4;1;13;6;7
2010;2;1;3;3;97;8;9
2011;1;0;3;1;0;4;5
2012;1;0;3;2;1;9;6
2013;1;0;2;1;88;6;4
2014;6;9;7;1;6;2;23
2015;2;0;3;2;93;4;7
2016;6;1;6;4;73;7;17
2017;3;4;11;4;56;8;22
2018;1;0;2;1;4;6;4
2019;3;0;3;2;77;7;8
2020;6;7;9;0;95;3;22
2021;5;1;7;5;36;5;18
